Samsung Galaxy Buds,10/02/2025 18:08,£96.54
AKG Y500 Wireless Headphones Black,10/02/2025 18:08,£183.06
Acer Aspire 3 Laptop Ryzen 7 32GB RAM,10/02/2025 18:08,£764.38
8 Seater Garden furniture set,10/02/2025 18:08,£329.99
Samsung Galaxy Buds,10/02/2025 18:19,£96.54
AKG Y500 Wireless Headphones Black,10/02/2025 18:19,£183.06
Acer Aspire 3 Laptop Ryzen 7 32GB RAM,10/02/2025 18:19,£764.38
8 Seater Garden furniture set,10/02/2025 18:19,£329.99
Samsung Galaxy Buds,10/02/2025 18:33,£96.54
AKG Y500 Wireless Headphones Black,10/02/2025 18:33,£183.06
Acer Aspire 3 Laptop Ryzen 7 32GB RAM,10/02/2025 18:33,£764.38
8 Seater Garden furniture set,10/02/2025 18:33,£329.99
Samsung Galaxy Buds,10/02/2025 23:54,£97.50
AKG Y500 Wireless Headphones Black,10/02/2025 23:54,£183.06
Acer Aspire 3 Laptop Ryzen 7 32GB RAM,10/02/2025 23:54,£764.38
8 Seater Garden furniture set,10/02/2025 23:54,£329.99
Samsung Galaxy Buds,2025-02-11 12:14,Price Not Found
AKG Y500 Wireless Headphones Black,2025-02-11 12:14,£183.06
Acer Aspire 3 Laptop Ryzen 7 32GB RAM,2025-02-11 12:14,£764.38
8 Seater Garden furniture set,2025-02-11 12:14,Price Not Found
Samsung Galaxy Buds,2025-02-11 12:23,£97.50
AKG Y500 Wireless Headphones Black,2025-02-11 12:23,£183.06
Acer Aspire 3 Laptop Ryzen 7 32GB RAM,2025-02-11 12:23,Price Not Found
8 Seater Garden furniture set,2025-02-11 12:23,£329.99
